police_report_available,total_claim_amount,injury_claim,property_claim,vehicle_claim,auto_make,auto_model,auto_year,fraud_reported
YES,71610,6510,13020,52080,Saab,92x,2004,Y
?,5070,780,780,3510,Mercedes,E400,2007,Y
NO,34650,7700,3850,23100,Dodge,RAM,2007,N
NO,63400,6340,6340,50720,Chevrolet,Tahoe,2014,Y
NO,6500,1300,650,4550,Accura,RSX,2009,N
NO,64100,6410,6410,51280,Saab,95,2003,Y
?,78650,21450,7150,50050,Nissan,Pathfinder,2012,N
YES,51590,9380,9380,32830,Audi,A5,2015,N
YES,27700,2770,2770,22160,Toyota,Camry,2012,N
?,42300,4700,4700,32900,Saab,92x,1996,N
?,87010,7910,15820,63280,Ford,F150,2002,N
YES,114920,17680,17680,79560,Audi,A3,2006,N
NO,56520,4710,9420,42390,Saab,95,2000,N
NO,7280,1120,1120,5040,Toyota,Highlander,2010,N
YES,46200,4200,8400,33600,Dodge,Neon,2003,Y
NO,63120,10520,10520,42080,Accura,MDX,1999,Y
YES,52110,5790,5790,40530,Nissan,Maxima,2012,N
YES,77880,14160,7080,56640,Suburu,Legacy,2015,N
NO,72930,6630,13260,53040,Accura,TL,2015,N
NO,60400,6040,6040,48320,Nissan,Pathfinder,2014,N
?,47160,0,5240,41920,Suburu,Impreza,2011,N
?,37840,0,4730,33110,Accura,RSX,1996,N
YES,71520,17880,5960,47680,Suburu,Forrestor,2000,Y
?,98160,8180,16360,73620,Dodge,RAM,2011,Y
NO,77880,7080,14160,56640,Ford,Escape,2005,N
YES,71500,16500,11000,44000,Ford,Escape,2006,Y
YES,9020,1640,820,6560,Toyota,Camry,2005,N
?,5720,1040,520,4160,Suburu,Forrestor,2003,Y
YES,69840,7760,15520,46560,Dodge,Neon,2009,N
NO,91650,14100,14100,63450,Accura,TL,2011,N
?,75600,12600,12600,50400,Toyota,Corolla,2005,N
?,67140,7460,7460,52220,Ford,F150,2006,Y
NO,29790,3310,3310,23170,BMW,3 Series,2008,N
?,77110,14020,14020,49070,Suburu,Impreza,2015,N
YES,64800,10800,5400,48600,Audi,A3,1999,N
YES,53100,10620,5310,37170,Mercedes,C300,1995,Y
YES,60200,6020,6020,48160,Suburu,Forrestor,2004,Y
YES,5330,1230,820,3280,Suburu,Legacy,2001,N
?,62300,12460,6230,43610,Jeep,Wrangler,2007,N
NO,60170,10940,10940,38290,Nissan,Pathfinder,2011,Y
?,40000,8000,4000,28000,BMW,M5,2010,N
?,97080,16180,16180,64720,BMW,X5,2001,Y
NO,51660,5740,5740,40180,Dodge,RAM,2010,N
NO,51120,5680,5680,39760,Mercedes,E400,2005,N
?,56400,11280,11280,33840,Toyota,Highlander,2014,N
?,55120,6890,0,48230,Accura,MDX,2002,N
?,77110,0,14020,63090,Honda,Civic,2014,N
NO,62800,6280,6280,50240,Audi,A3,2003,Y
YES,7290,810,810,5670,Volkswagen,Passat,1995,N
?,76600,15320,7660,53620,Mercedes,C300,2000,N
YES,81800,16360,8180,57260,Nissan,Pathfinder,1998,N
?,7260,1320,660,5280,BMW,M5,2008,N
YES,4300,430,430,3440,Toyota,Corolla,2000,N
?,70510,12820,12820,44870,Suburu,Forrestor,1999,N
YES,2640,480,480,1680,Ford,F150,2009,N
NO,78900,15780,7890,55230,Chevrolet,Silverado,1995,N
?,56430,0,6270,50160,Honda,CRV,2014,N
NO,2400,300,300,1800,Chevrolet,Silverado,2014,N
NO,65790,7310,7310,51170,Saab,93,2007,N
NO,62920,11440,5720,45760,Ford,Escape,2000,N
?,69480,15440,0,54040,Nissan,Maxima,2014,Y
NO,44280,7380,3690,33210,Honda,Accord,1997,N
YES,56300,5630,11260,39410,BMW,M5,2011,N
YES,68520,11420,5710,51390,Suburu,Legacy,2003,Y
NO,59130,6570,6570,45990,Ford,Escape,2006,Y
NO,82320,13720,6860,61740,Dodge,Neon,1995,Y
NO,89700,13800,13800,62100,Audi,A5,2009,Y
NO,33930,0,3770,30160,BMW,X6,1998,N
NO,68530,12460,6230,49840,Audi,A5,1997,N
?,4300,860,860,2580,Ford,F150,2004,N
?,68310,12420,6210,49680,Audi,A3,2003,Y
NO,61290,6810,6810,47670,Honda,Civic,1995,Y
NO,30100,3010,0,27090,Chevrolet,Malibu,1999,N
YES,57120,9520,4760,42840,Mercedes,C300,2002,N
YES,42930,9540,4770,28620,BMW,X6,2005,N
NO,51210,11380,5690,34140,Ford,Fusion,2010,N
YES,89400,14900,7450,67050,Suburu,Legacy,1998,N
?,59730,10860,10860,38010,Audi,A3,2005,N
YES,8060,1240,1240,5580,Saab,95,2004,N
?,72200,14440,7220,50540,BMW,M5,2013,Y
NO,50800,10160,10160,30480,Accura,MDX,2005,N
?,6600,660,1320,4620,Accura,TL,2005,N
NO,7500,750,1500,5250,Nissan,Maxima,2002,N
YES,6490,1180,1180,4130,Volkswagen,Jetta,2002,N
NO,60940,5540,11080,44320,Audi,A3,2013,Y
?,58300,5830,11660,40810,Suburu,Legacy,2007,N
?,68400,11400,11400,45600,Ford,F150,2007,N
YES,64240,11680,11680,40880,BMW,3 Series,2015,N
YES,4700,940,470,3290,Dodge,Neon,2002,N
?,45120,0,5640,39480,Accura,MDX,2011,Y
?,66950,10300,10300,46350,Saab,93,1995,N
?,98340,8940,17880,71520,Honda,Accord,2004,Y
NO,5900,590,590,4720,BMW,X5,2007,N
?,70680,5890,11780,53010,Ford,Fusion,2009,N
NO,93720,17040,8520,68160,Mercedes,ML350,2005,N
YES,6930,1260,630,5040,Toyota,Highlander,2001,N
NO,72930,6630,6630,59670,Dodge,RAM,2006,Y
YES,64890,7210,7210,50470,Nissan,Pathfinder,2013,Y
YES,5400,900,900,3600,Saab,95,1999,N
?,5600,700,700,4200,Audi,A3,2007,N
?,79300,15860,15860,47580,Saab,92x,2007,N
YES,52800,10560,5280,36960,Saab,95,2004,N
NO,28800,0,3600,25200,Ford,Fusion,2013,N
NO,2970,330,330,2310,Toyota,Highlander,2008,N
?,93480,15580,7790,70110,Chevrolet,Malibu,2014,N
YES,4320,480,480,3360,Mercedes,E400,2002,N
YES,79800,6650,19950,53200,Saab,95,2000,Y
?,74200,7420,14840,51940,Volkswagen,Passat,1997,N
?,70590,10860,10860,48870,Saab,93,2000,Y
YES,60940,5540,11080,44320,Nissan,Ultima,2006,Y
YES,74700,7470,14940,52290,Dodge,RAM,2010,N
?,70000,14000,7000,49000,Ford,F150,2015,Y
NO,81070,14740,14740,51590,BMW,X5,2001,N
?,57720,14430,9620,33670,Saab,93,2007,N
YES,7080,1180,1180,4720,Ford,F150,2001,N
?,47700,4770,9540,33390,Accura,MDX,1997,Y
NO,51260,9320,9320,32620,Suburu,Legacy,2002,N
NO,70400,6400,12800,51200,Toyota,Highlander,2011,Y
YES,90000,18000,9000,63000,Ford,Fusion,2015,N
?,72820,13240,6620,52960,BMW,3 Series,2010,N
?,69300,13860,13860,41580,Volkswagen,Passat,2000,N
NO,76560,12760,12760,51040,Ford,Fusion,2008,Y
YES,55440,0,6160,49280,Nissan,Maxima,1999,Y
NO,77130,8570,17140,51420,Accura,MDX,1995,N
?,42000,7000,7000,28000,BMW,X5,2011,N
YES,36300,3300,9900,23100,Ford,Escape,2013,N
?,40320,5760,5760,28800,Suburu,Impreza,2001,N
?,3960,330,660,2970,BMW,M5,1998,N
YES,63840,10640,10640,42560,BMW,X5,2006,Y
?,44730,4970,4970,34790,Saab,92x,2000,Y
NO,84720,14120,14120,56480,Ford,Escape,1999,N
NO,61500,6150,12300,43050,Dodge,RAM,2012,N
?,51000,8500,8500,34000,Nissan,Pathfinder,2013,N
NO,46800,4680,9360,32760,Jeep,Wrangler,2002,N
?,78120,17360,8680,52080,BMW,3 Series,2006,N
?,69200,13840,6920,48440,Volkswagen,Passat,1996,Y
NO,3690,410,410,2870,Ford,Escape,2015,N
?,65500,6550,6550,52400,BMW,X5,2010,N
YES,76120,13840,6920,55360,Toyota,Camry,1999,N
YES,73560,12260,12260,49040,BMW,X5,1995,N
?,52030,9460,4730,37840,Mercedes,E400,2008,N
?,5170,470,940,3760,Suburu,Forrestor,2001,N
YES,8190,1890,1260,5040,Chevrolet,Silverado,2013,N
?,70800,7080,14160,49560,Accura,MDX,2012,Y
YES,45630,5070,5070,35490,Accura,MDX,2011,N
?,99320,7640,15280,76400,Accura,TL,2002,Y
NO,64000,12800,6400,44800,BMW,X6,1996,Y
?,47300,4730,4730,37840,Nissan,Pathfinder,2014,N
?,71680,8960,8960,53760,Volkswagen,Jetta,2007,Y
YES,112320,17280,17280,77760,Suburu,Impreza,2011,Y
?,82720,7520,15040,60160,Audi,A3,2014,N
?,48060,10680,5340,32040,Mercedes,C300,2009,N
YES,63570,9780,9780,44010,Volkswagen,Jetta,2006,Y
?,63240,10540,10540,42160,Suburu,Forrestor,1997,N
?,54240,9040,9040,36160,Saab,93,2013,Y
NO,37280,0,0,37280,Audi,A5,1996,Y
YES,72100,7210,14420,50470,Jeep,Wrangler,2006,N
NO,6500,1300,650,4550,Saab,92x,2013,N
?,78240,13040,13040,52160,Suburu,Legacy,2013,N
?,6200,1240,620,4340,Honda,Accord,1999,N
?,6160,560,1680,3920,Mercedes,E400,2014,N
?,76050,11700,11700,52650,Chevrolet,Silverado,1997,N
YES,86060,13240,13240,59580,Volkswagen,Passat,2002,N
NO,107900,10790,21580,75530,Dodge,Neon,1997,Y
YES,99990,18180,18180,63630,Mercedes,E400,2011,N
YES,61380,11160,5580,44640,Suburu,Legacy,2012,N
YES,71280,12960,12960,45360,Audi,A5,2012,Y
NO,64000,12800,6400,44800,Saab,95,1999,N
NO,5940,660,660,4620,Toyota,Highlander,2015,N
NO,6700,670,670,5360,Jeep,Wrangler,2011,N
?,51740,11940,7960,31840,Jeep,Wrangler,2006,N
YES,53600,6700,6700,40200,Volkswagen,Jetta,2007,Y
?,44910,4990,4990,34930,Dodge,Neon,2001,N
YES,48100,11100,7400,29600,Volkswagen,Jetta,2014,N
NO,6100,610,1220,4270,Ford,Fusion,2002,N
YES,79600,15920,15920,47760,Jeep,Wrangler,2011,N
YES,77040,8560,8560,59920,Honda,Civic,1998,N
?,62590,11380,11380,39830,Volkswagen,Jetta,2003,N
NO,85150,13100,13100,58950,Chevrolet,Malibu,1998,N
NO,4950,450,900,3600,Chevrolet,Silverado,2010,N
YES,51100,10220,5110,35770,Audi,A3,2006,N
?,100800,16800,16800,67200,Dodge,Neon,1997,N
NO,90970,16540,16540,57890,Accura,RSX,2009,N
YES,81840,14880,7440,59520,Chevrolet,Malibu,2011,Y
NO,54900,5490,5490,43920,Mercedes,C300,2013,N
NO,88660,8060,16120,64480,Mercedes,C300,2007,Y
NO,18000,2250,2250,13500,Audi,A3,2009,N
YES,5500,1100,550,3850,Chevrolet,Tahoe,2010,N
?,73920,13440,6720,53760,Honda,Civic,2003,Y
YES,101860,18520,18520,64820,Honda,CRV,2007,N
YES,5390,980,980,3430,Volkswagen,Passat,2008,N
?,50490,5610,5610,39270,Nissan,Maxima,2001,N
NO,55500,5550,11100,38850,Mercedes,C300,2012,N
YES,7040,1280,640,5120,Nissan,Maxima,2015,N
YES,40160,5020,0,35140,Chevrolet,Tahoe,2003,N
NO,55680,6960,6960,41760,Saab,95,2006,N
NO,5300,530,530,4240,Jeep,Grand Cherokee,2001,Y
?,5200,650,650,3900,Accura,MDX,2006,N
NO,59400,5940,11880,41580,Honda,Civic,2014,N
?,2520,280,280,1960,BMW,3 Series,1997,N
YES,5760,960,960,3840,Suburu,Impreza,2011,N
YES,76700,7670,7670,61360,Suburu,Legacy,2006,N
NO,5920,740,740,4440,Chevrolet,Malibu,2015,N
?,64350,7150,7150,50050,Chevrolet,Tahoe,2009,N
?,19080,4240,2120,12720,Saab,93,1995,N
NO,54400,5440,5440,43520,BMW,M5,2011,N
NO,59800,5980,5980,47840,Ford,F150,1999,Y
YES,72000,7200,7200,57600,Audi,A3,2005,N
NO,65070,7230,14460,43380,Mercedes,C300,2003,N
NO,8800,1760,880,6160,Suburu,Legacy,2002,N
NO,6120,1020,1020,4080,Toyota,Corolla,2015,N
?,7080,1180,590,5310,Dodge,RAM,1999,N
YES,34320,8580,4290,21450,Volkswagen,Passat,2009,N
?,53460,9720,9720,34020,Dodge,Neon,2004,Y
?,81360,6780,13560,61020,Suburu,Legacy,2009,Y
YES,81070,7370,14740,58960,Audi,A3,2006,Y
NO,63120,5260,10520,47340,Audi,A5,2008,N
NO,7200,1440,720,5040,BMW,X5,2004,N
?,70290,12780,6390,51120,Saab,92x,1998,Y
NO,60190,9260,9260,41670,BMW,X6,1999,N
YES,61380,11160,5580,44640,Honda,Civic,2009,Y
NO,28100,2810,5620,19670,Jeep,Grand Cherokee,2012,N
NO,49060,8920,8920,31220,Chevrolet,Silverado,1995,N
NO,57060,6340,6340,44380,Mercedes,E400,1995,N
YES,77880,12980,12980,51920,Accura,MDX,2008,N
YES,73500,7350,14700,51450,Jeep,Wrangler,1999,N
?,88920,6840,13680,68400,Accura,RSX,2010,N
NO,47630,12990,4330,30310,Toyota,Corolla,2005,Y
NO,59040,6560,6560,45920,Saab,93,2015,N
NO,79530,14460,7230,57840,Accura,MDX,2000,N
YES,53680,4880,4880,43920,Honda,CRV,2005,N
YES,33550,3050,6100,24400,Volkswagen,Passat,2005,N
YES,69100,6910,6910,55280,Toyota,Highlander,2006,N
NO,79750,14500,14500,50750,Nissan,Pathfinder,1999,N
YES,53600,5360,10720,37520,Audi,A5,2015,Y
?,76560,12760,6380,57420,Nissan,Ultima,2009,N
NO,41130,4570,4570,31990,Dodge,RAM,1999,N
NO,78650,14300,7150,57200,Audi,A3,1996,Y
?,71060,6460,12920,51680,Saab,92x,2010,N
?,38830,3530,3530,31770,Suburu,Legacy,1999,N
YES,53500,5350,5350,42800,Saab,92x,2015,N
NO,73700,7370,7370,58960,Chevrolet,Silverado,2001,Y
YES,6300,630,630,5040,Nissan,Ultima,2001,N
NO,65400,10900,10900,43600,Dodge,RAM,2012,N
NO,3200,640,320,2240,Mercedes,E400,2014,N
YES,75400,7540,15080,52780,Dodge,RAM,2012,Y
YES,58140,6460,6460,45220,Saab,92x,2008,N
?,98670,15180,15180,68310,Chevrolet,Tahoe,2010,Y
NO,5900,1180,590,4130,Mercedes,E400,2009,N
YES,64100,6410,6410,51280,Chevrolet,Malibu,2001,N
?,55440,5040,10080,40320,Suburu,Forrestor,2009,Y
NO,80850,7350,14700,58800,Ford,F150,2011,Y
NO,7480,680,680,6120,Saab,95,1998,N
NO,53640,5960,5960,41720,Nissan,Maxima,2004,Y
NO,63250,5750,11500,46000,Chevrolet,Tahoe,2002,Y
?,59040,9840,9840,39360,Dodge,RAM,1995,N
YES,50500,10100,5050,35350,Accura,TL,2004,N
NO,57690,6410,12820,38460,Mercedes,C300,2010,Y
YES,5940,660,660,4620,Toyota,Camry,2014,N
YES,47790,5310,5310,37170,Suburu,Impreza,1995,Y
NO,3850,350,350,3150,Dodge,Neon,2014,N
?,59000,5900,5900,47200,Ford,Fusion,2013,Y
?,70600,7060,14120,49420,Volkswagen,Passat,2013,Y
?,61490,5590,11180,44720,Dodge,RAM,2001,N
YES,57640,5240,10480,41920,Volkswagen,Passat,2010,N
NO,6890,1060,1060,4770,Audi,A5,1999,N
?,53280,11840,5920,35520,Toyota,Camry,2006,Y
?,78300,15660,7830,54810,BMW,X5,2009,N
NO,41490,4610,4610,32270,Nissan,Pathfinder,2001,N
YES,68970,12540,6270,50160,Chevrolet,Tahoe,2007,N
YES,85300,17060,8530,59710,Toyota,Highlander,2003,N
NO,3080,560,280,2240,Audi,A3,2012,N
?,71760,11040,11040,49680,Jeep,Grand Cherokee,2010,Y
NO,59700,11940,11940,35820,Nissan,Ultima,2002,N
?,64920,10820,10820,43280,Ford,Fusion,1997,N
NO,37530,4170,4170,29190,Jeep,Wrangler,2008,N
NO,64080,7120,7120,49840,Saab,93,2012,N
?,60390,10980,5490,43920,BMW,M5,2004,Y
YES,64350,5850,11700,46800,Nissan,Pathfinder,2011,Y
YES,70900,14180,7090,49630,BMW,X6,1997,N
?,46560,7760,7760,31040,Nissan,Ultima,2012,N
?,4730,860,860,3010,Chevrolet,Malibu,2013,Y
YES,6820,1240,1240,4340,Jeep,Grand Cherokee,2003,N
?,59900,11980,5990,41930,BMW,X5,1997,Y
YES,79560,13260,13260,53040,Ford,Escape,2009,N
?,70290,12780,6390,51120,Accura,MDX,2008,N
NO,63910,5810,11620,46480,Suburu,Forrestor,1999,N
NO,6400,640,640,5120,Toyota,Camry,1997,N
YES,66780,7420,7420,51940,Ford,Escape,2013,Y
?,8760,1460,1460,5840,BMW,3 Series,2013,N
?,94160,8560,17120,68480,Chevrolet,Malibu,1996,N
NO,51570,5730,11460,34380,BMW,X5,2010,N
NO,52700,10540,10540,31620,BMW,X6,2014,Y
?,101010,15540,15540,69930,Mercedes,ML350,1998,N
YES,53400,5340,5340,42720,Honda,Civic,2010,Y
NO,72120,12020,12020,48080,Mercedes,ML350,2009,N
YES,77100,7710,15420,53970,Audi,A3,2010,N
?,3300,600,0,2700,Dodge,RAM,2003,N
?,5940,1080,540,4320,Nissan,Pathfinder,2003,N
?,63720,7080,21240,35400,Accura,TL,2006,N
NO,7680,1280,640,5760,Audi,A5,2008,N
?,93730,14420,21630,57680,Honda,CRV,2001,N
?,87300,17460,17460,52380,Jeep,Wrangler,2013,N
NO,5670,1260,630,3780,Ford,F150,1997,N
NO,65800,13160,6580,46060,Accura,TL,2001,N
YES,36720,4080,4080,28560,Honda,Accord,2009,Y
YES,52800,4800,9600,38400,Mercedes,ML350,1996,Y
YES,59100,5910,5910,47280,Nissan,Maxima,1998,Y
YES,77440,14080,7040,56320,Suburu,Legacy,1999,N
NO,45700,4570,4570,36560,BMW,3 Series,2008,N
YES,80740,7340,14680,58720,Toyota,Camry,2014,Y
?,31350,2850,5700,22800,Honda,Accord,2001,Y
?,35000,3500,7000,24500,Suburu,Legacy,2012,N
NO,68000,13600,6800,47600,Toyota,Corolla,2014,N
?,84500,13000,13000,58500,BMW,X6,2009,N
?,75500,7550,15100,52850,Nissan,Ultima,1998,N
?,90600,15100,15100,60400,BMW,X5,2009,N
?,64320,5360,10720,48240,Accura,MDX,1998,N
?,31700,6340,3170,22190,Toyota,Highlander,2006,N
YES,74280,12380,12380,49520,Suburu,Forrestor,2006,Y
YES,80520,13420,6710,60390,Toyota,Corolla,2005,N
YES,63600,6360,12720,44520,Dodge,RAM,2010,N
YES,32800,3280,3280,26240,BMW,3 Series,2012,N
NO,44190,9820,4910,29460,Audi,A3,2015,N
NO,50400,10080,5040,35280,Honda,CRV,2000,Y
YES,88400,17680,8840,61880,Nissan,Pathfinder,2010,N
?,66550,12100,6050,48400,Volkswagen,Jetta,2003,N
?,65780,5980,11960,47840,Chevrolet,Tahoe,2014,N
YES,51810,9420,4710,37680,Audi,A3,2002,Y
NO,55660,5060,10120,40480,Honda,CRV,2009,Y
?,44640,9920,4960,29760,Toyota,Camry,2005,N
NO,77660,7060,14120,56480,Nissan,Maxima,2004,Y
?,5640,940,940,3760,Nissan,Ultima,2005,N
?,3190,580,580,2030,Suburu,Legacy,1995,N
YES,53440,0,6680,46760,Ford,Escape,2004,N
YES,65250,7250,7250,50750,BMW,3 Series,2002,N
NO,44280,4920,4920,34440,Chevrolet,Silverado,2008,N
NO,70290,7810,7810,54670,Dodge,RAM,1999,N
YES,87100,8710,8710,69680,Saab,92x,2000,N
?,50380,4580,4580,41220,Suburu,Forrestor,1996,N
NO,64800,12960,6480,45360,Audi,A3,2014,Y
NO,70400,12800,12800,44800,BMW,3 Series,2000,N
YES,57860,0,10520,47340,Suburu,Impreza,2008,Y
NO,6240,960,960,4320,Ford,Fusion,2011,N
NO,66600,16650,11100,38850,Jeep,Grand Cherokee,2012,Y
YES,70920,11820,11820,47280,Jeep,Wrangler,2002,N
YES,39480,6580,6580,26320,Suburu,Forrestor,2002,N
YES,63240,10540,5270,47430,Mercedes,E400,2005,N
?,67650,12300,6150,49200,Audi,A5,2009,N
NO,74200,14840,14840,44520,Accura,TL,2002,Y
NO,64900,12980,12980,38940,Volkswagen,Jetta,2011,N
NO,35900,7180,3590,25130,Audi,A3,2007,Y
?,52200,5220,10440,36540,Honda,CRV,2011,N
NO,78000,6500,13000,58500,Suburu,Forrestor,2000,N
?,67200,6720,6720,53760,Volkswagen,Passat,1995,N
?,63250,11500,5750,46000,Nissan,Ultima,1997,N
YES,68760,11460,5730,51570,Ford,Fusion,1995,N
?,65040,10840,10840,43360,Suburu,Impreza,2010,N
?,82800,20700,13800,48300,Jeep,Grand Cherokee,2004,Y
YES,61700,6170,6170,49360,Saab,93,2005,N
YES,78100,15620,7810,54670,Chevrolet,Tahoe,1997,Y
?,65520,9360,9360,46800,Toyota,Highlander,2011,Y
NO,4500,450,450,3600,Saab,93,1999,N
?,42700,0,6100,36600,Mercedes,ML350,2011,Y
YES,5580,620,620,4340,Volkswagen,Passat,2005,Y
NO,3600,360,720,2520,BMW,X5,2013,Y
?,2800,280,280,2240,Volkswagen,Passat,2015,N
YES,54000,6000,6000,42000,Toyota,Highlander,1996,N
?,48950,4450,8900,35600,Accura,TL,2011,Y
?,77800,15560,15560,46680,Dodge,RAM,2002,N
NO,52560,11680,5840,35040,Saab,93,1995,N
YES,44110,4010,8020,32080,Honda,Accord,2015,N
?,74360,13520,6760,54080,Suburu,Forrestor,2009,N
?,6120,680,680,4760,Honda,Civic,2002,Y
YES,62280,5190,10380,46710,Suburu,Forrestor,2012,N
YES,26730,4860,4860,17010,Volkswagen,Jetta,2006,N
NO,66200,6620,6620,52960,Dodge,Neon,2013,N
?,45500,9100,4550,31850,Toyota,Corolla,2009,N
?,53040,4420,4420,44200,Audi,A3,2006,N
NO,50800,10160,5080,35560,Mercedes,E400,2013,Y
?,44200,4420,4420,35360,Audi,A5,2014,N
?,62920,11440,5720,45760,Chevrolet,Malibu,2012,N
YES,49950,5550,5550,38850,Nissan,Ultima,2004,Y
YES,56430,6270,6270,43890,BMW,3 Series,1995,Y
YES,100210,18220,18220,63770,Audi,A5,2014,N
YES,49140,5460,5460,38220,Ford,F150,2007,N
?,66840,16710,5570,44560,Mercedes,E400,2014,N
?,62460,6940,6940,48580,Honda,Accord,2003,N
?,62810,11420,11420,39970,Nissan,Ultima,1999,N
?,54160,6770,6770,40620,Suburu,Legacy,2009,N
NO,48400,9680,4840,33880,Saab,92x,2005,N
NO,51480,5720,5720,40040,Toyota,Highlander,2013,N
NO,51700,5170,10340,36190,Saab,95,2003,N
?,65520,10920,5460,49140,Volkswagen,Jetta,2009,N
NO,47700,4770,9540,33390,Accura,TL,2011,Y
NO,5220,580,580,4060,Accura,MDX,2015,N
?,73320,6110,12220,54990,Ford,Fusion,2012,N
YES,74900,14980,7490,52430,Jeep,Grand Cherokee,2003,N
YES,3190,580,290,2320,Saab,95,2015,N
YES,76920,12820,6410,57690,Chevrolet,Malibu,2002,N
NO,77990,7090,14180,56720,Jeep,Wrangler,2012,N
?,59670,9180,9180,41310,Ford,Escape,2008,N
NO,44880,8160,4080,32640,Mercedes,C300,2004,Y
NO,82830,7530,15060,60240,Audi,A5,2004,N
NO,84480,7680,15360,61440,Chevrolet,Silverado,2012,Y
NO,79800,15960,7980,55860,Honda,Civic,1999,N
YES,53020,9640,9640,33740,Toyota,Corolla,1999,N
NO,24200,2200,4400,17600,Suburu,Forrestor,2008,N
YES,43230,7860,7860,27510,Chevrolet,Silverado,2001,N
NO,3190,290,580,2320,Ford,Escape,1995,N
NO,5850,1300,650,3900,BMW,M5,2006,N
YES,6820,620,1240,4960,BMW,3 Series,2005,N
NO,69480,11580,11580,46320,Chevrolet,Tahoe,2008,N
YES,94560,7880,15760,70920,Jeep,Grand Cherokee,1995,N
?,7800,780,780,6240,Dodge,RAM,1997,N
NO,61270,5570,11140,44560,Suburu,Legacy,1999,N
YES,71440,8930,8930,53580,Mercedes,ML350,2005,N
YES,55600,11120,5560,38920,Jeep,Grand Cherokee,2009,N
NO,5000,1000,500,3500,Jeep,Wrangler,2005,N
?,95810,14740,14740,66330,BMW,X5,2007,N
?,69300,6930,13860,48510,Volkswagen,Jetta,1996,N
NO,81120,13520,20280,47320,Toyota,Camry,1995,N
?,91260,14040,14040,63180,Toyota,Corolla,2012,N
?,60600,6060,12120,42420,Ford,Fusion,2004,N
YES,64800,6480,12960,45360,Suburu,Forrestor,2000,Y
?,66880,6080,12160,48640,Chevrolet,Silverado,1996,Y
?,58200,5820,5820,46560,BMW,X5,2013,N
NO,60570,6730,6730,47110,Nissan,Maxima,2011,N
NO,69680,8710,8710,52260,Mercedes,ML350,2008,Y
NO,55700,5570,11140,38990,Nissan,Maxima,2014,N
YES,62370,5670,5670,51030,Dodge,Neon,2001,N
YES,54340,9880,0,44460,Saab,92x,2005,N
NO,55170,6130,6130,42910,Audi,A5,2005,Y
YES,58500,11700,5850,40950,Dodge,RAM,1999,N
?,59940,6660,6660,46620,Honda,CRV,1995,N
NO,73400,7340,7340,58720,Dodge,Neon,1996,N
?,41850,4650,4650,32550,Suburu,Legacy,1997,N
NO,6400,640,1280,4480,Mercedes,ML350,2005,Y
NO,3190,580,290,2320,Audi,A5,2004,N
YES,5900,590,590,4720,Nissan,Pathfinder,2010,N
NO,57330,6370,6370,44590,Dodge,Neon,2006,N
NO,81960,13660,13660,54640,Dodge,Neon,2008,N
?,70400,6400,19200,44800,Suburu,Legacy,2001,Y
?,3770,580,580,2610,Jeep,Grand Cherokee,2002,N
?,7400,740,1480,5180,Dodge,Neon,2014,N
?,54810,6090,6090,42630,Chevrolet,Silverado,1999,Y
YES,49400,4940,9880,34580,Jeep,Wrangler,2005,N
NO,68750,12500,6250,50000,Chevrolet,Malibu,2009,N
?,61500,12300,6150,43050,Dodge,Neon,2013,N
NO,76890,6990,13980,55920,BMW,X6,2007,N
?,56070,6230,12460,37380,Toyota,Camry,2012,N
YES,56000,14000,0,42000,Chevrolet,Malibu,2003,N
NO,4290,780,390,3120,Audi,A3,1997,N
NO,60750,6750,6750,47250,Suburu,Forrestor,2003,N
NO,48730,4430,4430,39870,Chevrolet,Malibu,2011,N
NO,95150,17300,17300,60550,Ford,Escape,2007,N
YES,7480,680,680,6120,Dodge,Neon,2003,N
YES,79800,13300,6650,59850,Volkswagen,Passat,2011,Y
?,103560,8630,17260,77670,Jeep,Wrangler,1997,N
?,79500,15900,7950,55650,Accura,MDX,1995,N
NO,76230,6930,13860,55440,Volkswagen,Passat,1997,Y
NO,59520,9920,9920,39680,Honda,Accord,2001,N
?,47760,5970,5970,35820,Suburu,Impreza,2013,Y
NO,84590,15380,7690,61520,Saab,93,2013,N
?,61650,6850,6850,47950,Nissan,Ultima,2006,N
?,81400,8140,8140,65120,BMW,M5,1998,N
YES,58410,10620,5310,42480,Chevrolet,Tahoe,2007,N
?,38610,3510,3510,31590,Volkswagen,Passat,2007,N
NO,57600,9600,9600,38400,Volkswagen,Passat,2015,N
NO,53190,5910,11820,35460,Volkswagen,Jetta,1996,N
NO,58300,5830,11660,40810,Nissan,Maxima,2014,Y
NO,64620,7180,0,57440,Dodge,Neon,2003,N
YES,90480,15080,15080,60320,BMW,X6,2000,N
NO,7080,1180,1180,4720,Nissan,Maxima,2001,N
?,6490,590,1180,4720,Toyota,Camry,2011,Y
NO,55900,5590,5590,44720,Nissan,Ultima,2015,N
YES,63800,6380,6380,51040,Saab,92x,1998,Y
YES,58160,7270,7270,43620,Saab,95,1996,Y
NO,6300,630,1260,4410,Mercedes,C300,2001,Y
NO,104610,19020,19020,66570,Mercedes,ML350,1999,Y
NO,69850,12700,6350,50800,Ford,Fusion,1999,N
?,62900,12580,6290,44030,Accura,MDX,2006,N
?,59670,6630,6630,46410,Volkswagen,Passat,2004,Y
?,81500,16300,8150,57050,BMW,3 Series,2013,N
?,50000,15000,5000,30000,Jeep,Wrangler,2009,N
?,48290,8780,8780,30730,Nissan,Maxima,1995,N
?,59070,5370,5370,48330,Chevrolet,Malibu,2003,N
NO,63300,12660,6330,44310,Dodge,RAM,2012,N
YES,65780,11960,11960,41860,Mercedes,ML350,2013,N
?,75400,11600,11600,52200,Dodge,Neon,2005,Y
NO,2250,250,250,1750,Toyota,Corolla,2005,N
?,54120,4510,9020,40590,Jeep,Grand Cherokee,2007,N
NO,69480,11580,11580,46320,Saab,95,2007,N
NO,66950,10300,10300,46350,Chevrolet,Malibu,2015,N
?,64100,12820,6410,44870,Dodge,RAM,2014,Y
?,80280,13380,13380,53520,Chevrolet,Tahoe,2013,N
NO,4680,520,0,4160,Accura,MDX,1999,N
NO,39720,6620,6620,26480,Accura,MDX,2002,N
?,63580,5780,5780,52020,Mercedes,ML350,1997,Y
YES,73370,13340,6670,53360,Saab,95,2013,N
YES,86790,7890,23670,55230,Honda,CRV,2003,N
?,49800,9960,4980,34860,Mercedes,ML350,2015,N
NO,77440,7040,14080,56320,Nissan,Ultima,2005,N
?,42900,8580,0,34320,Accura,TL,1999,N
NO,53820,11960,5980,35880,Ford,F150,2015,Y
NO,57330,12740,6370,38220,Jeep,Grand Cherokee,1998,N
?,53370,5930,5930,41510,Nissan,Ultima,2011,N
YES,62920,9680,14520,38720,Accura,MDX,2005,N
NO,61600,6160,12320,43120,Honda,CRV,2003,N
NO,74160,6180,12360,55620,Mercedes,E400,2002,N
?,80100,8900,8900,62300,Audi,A3,2015,N
NO,6560,820,820,4920,Volkswagen,Jetta,2003,N
YES,58800,11760,5880,41160,Nissan,Pathfinder,1997,N
NO,53730,11940,5970,35820,Dodge,RAM,2013,Y
NO,60600,5050,10100,45450,Honda,Civic,2001,N
YES,35750,6500,3250,26000,Mercedes,E400,2001,N
YES,42840,3570,7140,32130,Chevrolet,Silverado,2004,N
NO,87960,14660,14660,58640,Jeep,Wrangler,1999,Y
NO,47800,4780,4780,38240,Jeep,Grand Cherokee,2009,N
?,3840,640,640,2560,Chevrolet,Tahoe,2014,N
?,77000,14000,7000,56000,Accura,RSX,2004,N
?,88110,16020,16020,56070,Audi,A5,2003,N
YES,47740,4340,4340,39060,Honda,Civic,2005,N
YES,58960,5360,10720,42880,Ford,F150,2004,N
?,2160,480,240,1440,Toyota,Corolla,2004,N
?,6890,530,1060,5300,Jeep,Grand Cherokee,1997,N
YES,78870,7170,14340,57360,Suburu,Legacy,2013,N
NO,2700,300,300,2100,Ford,F150,2013,N
NO,75960,6330,6330,63300,Jeep,Grand Cherokee,2010,N
?,75570,6870,13740,54960,BMW,X5,2010,Y
YES,90240,15040,15040,60160,Chevrolet,Malibu,1995,N
NO,80960,14720,7360,58880,Accura,MDX,2000,N
YES,79080,6590,13180,59310,Mercedes,C300,2012,N
NO,6820,1240,620,4960,Mercedes,ML350,2009,N
YES,62590,5690,11380,45520,Nissan,Pathfinder,2006,N
YES,52400,6550,6550,39300,Accura,MDX,2005,Y
YES,63580,5780,11560,46240,Volkswagen,Jetta,2004,N
NO,61400,6140,6140,49120,Nissan,Ultima,1995,N
NO,4700,940,470,3290,Dodge,Neon,2007,Y
YES,74140,13480,13480,47180,BMW,X5,2015,N
NO,83160,6930,13860,62370,Volkswagen,Jetta,2011,N
YES,10790,1660,830,8300,Mercedes,E400,2013,N
NO,48070,8740,8740,30590,Saab,92x,2014,N
YES,51030,5670,11340,34020,Suburu,Impreza,1996,N
?,43280,0,5410,37870,Honda,Civic,1996,Y
NO,76400,15280,7640,53480,Suburu,Forrestor,2003,N
?,75460,13720,13720,48020,Audi,A5,2002,N
YES,69000,13800,6900,48300,Ford,F150,1995,Y
NO,8640,1440,720,6480,Accura,TL,2008,N
?,67210,12220,12220,42770,BMW,X6,1996,N
NO,42500,4250,4250,34000,Volkswagen,Jetta,1999,N
NO,86400,14400,7200,64800,Accura,RSX,2001,N
?,4620,840,840,2940,Dodge,RAM,2009,Y
NO,6930,630,1260,5040,Honda,CRV,2013,N
YES,41700,8340,8340,25020,Saab,95,2013,N
NO,77330,14060,14060,49210,Volkswagen,Jetta,2014,Y
YES,4950,900,450,3600,Ford,F150,2011,N
YES,5160,860,860,3440,Accura,TL,2004,N
?,24570,2730,2730,19110,Saab,95,2006,Y
?,53680,4880,9760,39040,Toyota,Camry,2011,N
YES,42900,3900,3900,35100,Chevrolet,Malibu,2010,N
NO,84100,16820,8410,58870,Ford,Escape,2009,Y
?,61560,6840,6840,47880,Ford,Fusion,2008,N
?,44240,5530,5530,33180,Dodge,RAM,1997,N
YES,57700,11540,5770,40390,Jeep,Grand Cherokee,2002,N
YES,108030,16620,16620,74790,Saab,92x,2002,N
YES,54300,10860,5430,38010,Toyota,Highlander,2010,N
?,32280,5380,5380,21520,Ford,Fusion,2010,Y
NO,84600,16920,8460,59220,Chevrolet,Malibu,2007,N
YES,69700,6970,6970,55760,BMW,3 Series,2008,N
NO,36400,3640,7280,25480,Volkswagen,Jetta,1998,N
YES,37520,4690,4690,28140,Jeep,Wrangler,2010,N
?,79090,14380,14380,50330,Dodge,RAM,2014,N
YES,67770,7530,15060,45180,Mercedes,ML350,2013,Y
NO,47400,9480,4740,33180,Chevrolet,Silverado,2004,Y
?,71100,7110,14220,49770,Audi,A3,2008,N
NO,69400,13880,6940,48580,BMW,M5,2012,N
?,55000,5000,10000,40000,Saab,93,1996,Y
YES,51090,7860,7860,35370,Toyota,Highlander,2003,N
NO,64200,6420,19260,38520,Honda,Civic,2007,Y
YES,67320,12240,12240,42840,Ford,Fusion,2006,N
?,76120,6920,13840,55360,Audi,A5,1999,N
NO,85020,13080,13080,58860,Ford,Fusion,2010,N
?,68090,12380,12380,43330,Toyota,Corolla,2009,N
NO,6030,670,670,4690,Nissan,Pathfinder,2007,N
NO,5100,1020,510,3570,Chevrolet,Malibu,2000,N
YES,4590,510,510,3570,Volkswagen,Jetta,2013,N
NO,72400,7240,14480,50680,Chevrolet,Tahoe,1999,Y
NO,70900,14180,7090,49630,Mercedes,ML350,2002,N
YES,65100,6510,6510,52080,Saab,93,2011,N
YES,64260,0,14280,49980,Ford,Escape,1999,N
?,79970,7270,21810,50890,Honda,CRV,1996,Y
?,56610,6290,6290,44030,Chevrolet,Tahoe,1995,N
?,84590,7690,7690,69210,Toyota,Highlander,2000,Y
YES,66780,7420,14840,44520,Mercedes,ML350,1996,N
YES,58500,0,6500,52000,Ford,Escape,2001,N
NO,5000,500,500,4000,Dodge,RAM,2003,N
?,5000,500,1000,3500,Mercedes,E400,2008,Y
YES,54450,6050,12100,36300,Saab,92x,2007,N
?,61920,6880,6880,48160,Saab,93,2003,N
NO,43700,4370,4370,34960,Nissan,Pathfinder,2007,Y
?,64080,7120,7120,49840,Ford,Escape,1997,N
?,55000,10000,10000,35000,Volkswagen,Jetta,2008,Y
?,4400,0,550,3850,Toyota,Camry,2000,N
YES,71640,5970,11940,53730,Toyota,Highlander,2008,N
NO,61740,6860,6860,48020,Accura,MDX,1997,N
?,57500,5750,5750,46000,Audi,A3,2010,N
?,8700,870,1740,6090,Accura,RSX,2003,N
?,77100,15420,7710,53970,Volkswagen,Jetta,1996,N
YES,59400,6600,6600,46200,Dodge,Neon,1995,N
NO,54890,9980,4990,39920,Toyota,Corolla,2006,N
?,74030,6730,13460,53840,Chevrolet,Tahoe,2005,N
YES,61490,11180,11180,39130,BMW,X5,1998,N
YES,79560,6630,13260,59670,Volkswagen,Passat,2003,N
NO,4900,490,490,3920,Toyota,Camry,2010,N
NO,77770,14140,14140,49490,Nissan,Pathfinder,2000,N
?,74700,7470,14940,52290,Nissan,Maxima,2007,Y
?,40600,4060,4060,32480,Volkswagen,Passat,2010,N
?,45270,10060,10060,25150,Jeep,Wrangler,2006,N
?,47080,4280,8560,34240,Saab,93,2006,N
NO,40700,4070,4070,32560,Volkswagen,Passat,2000,Y
YES,34650,6300,3150,25200,Ford,F150,1996,N
?,3200,400,400,2400,Jeep,Grand Cherokee,2012,N
NO,78980,7180,14360,57440,Saab,92x,1997,Y
NO,6160,560,1120,4480,Nissan,Ultima,1996,N
NO,85250,15500,7750,62000,Mercedes,E400,1999,N
NO,72840,12140,6070,54630,Dodge,Neon,2010,N
NO,6050,1100,1100,3850,Toyota,Camry,2010,N
YES,87890,15980,7990,63920,BMW,X6,2014,Y
YES,60500,11000,5500,44000,Ford,F150,1999,Y
NO,88220,16040,16040,56140,Chevrolet,Malibu,2008,N
NO,53680,9760,4880,39040,Accura,MDX,2004,N
NO,53800,5380,5380,43040,Accura,MDX,2006,N
NO,54360,4530,9060,40770,Mercedes,E400,1995,Y
YES,54340,9880,4940,39520,Toyota,Camry,2001,N
YES,2860,520,260,2080,Chevrolet,Tahoe,1997,Y
YES,5490,0,1220,4270,Saab,95,1999,N
?,7370,670,1340,5360,Suburu,Impreza,1997,N
NO,50800,5080,5080,40640,Audi,A3,1997,Y
?,41520,5190,5190,31140,Nissan,Ultima,2014,N
YES,89650,8150,16300,65200,Dodge,RAM,2005,N
NO,39690,0,0,39690,Suburu,Legacy,1998,N
NO,62260,5660,5660,50940,Saab,92x,1995,N
YES,51920,9440,4720,37760,Audi,A3,2001,Y
?,53460,9720,4860,38880,Volkswagen,Jetta,2009,N
YES,57100,5710,5710,45680,Honda,CRV,2014,N
?,77440,14080,7040,56320,Dodge,Neon,2004,N
NO,68300,6830,13660,47810,Suburu,Forrestor,2003,N
?,5060,460,920,3680,Honda,CRV,2012,N
?,59400,6600,13200,39600,Dodge,RAM,1995,Y
?,69930,0,15540,54390,Ford,Escape,2013,Y
NO,77700,7770,15540,54390,Jeep,Wrangler,2008,N
?,68750,12500,12500,43750,Audi,A5,2007,Y
YES,91080,16560,16560,57960,Jeep,Wrangler,1995,N
YES,48360,4030,8060,36270,Audi,A5,2000,N
YES,95000,9500,9500,76000,Ford,F150,2001,N
NO,3900,780,390,2730,Ford,F150,2010,N
NO,59400,11880,5940,41580,Jeep,Grand Cherokee,2010,Y
?,60210,6690,6690,46830,Nissan,Maxima,2013,N
YES,43600,8720,4360,30520,Suburu,Legacy,2010,N
NO,62800,6280,12560,43960,Jeep,Wrangler,2012,N
?,59500,11900,5950,41650,Dodge,Neon,2006,N
?,53460,5940,5940,41580,Honda,CRV,2009,N
NO,41690,7580,7580,26530,Saab,95,1999,N
YES,63100,6310,12620,44170,Accura,TL,2000,N
?,62880,5240,10480,47160,Mercedes,E400,2007,Y
YES,75400,17400,11600,46400,BMW,X6,2006,Y
NO,46200,4200,8400,33600,Audi,A5,1997,N
YES,58500,5850,5850,46800,Toyota,Camry,2010,N
NO,66240,11040,11040,44160,Nissan,Maxima,2003,N
?,65440,8180,8180,49080,Jeep,Wrangler,2014,N
?,64200,10700,10700,42800,Ford,F150,2002,N
NO,32320,4040,4040,24240,Dodge,RAM,2000,N
?,33480,3720,3720,26040,Dodge,Neon,2011,N
YES,4320,480,960,2880,Toyota,Corolla,1995,N
?,4200,840,420,2940,Jeep,Wrangler,2008,N
NO,57970,10540,5270,42160,Saab,93,2006,N
?,4320,0,960,3360,Saab,93,2003,N
?,69300,13860,6930,48510,Ford,Escape,2010,N
NO,32480,4060,4060,24360,Dodge,Neon,1997,N
YES,60480,6720,6720,47040,Accura,TL,2001,N
NO,2640,440,440,1760,Honda,CRV,2015,N
NO,6050,550,1100,4400,Volkswagen,Passat,2009,N
NO,42700,4270,4270,34160,Saab,92x,1995,Y
NO,40260,3660,7320,29280,Accura,MDX,1996,Y
?,50000,5000,10000,35000,Chevrolet,Silverado,2008,N
NO,3840,640,320,2880,Saab,92x,1998,N
?,95900,13700,20550,61650,Saab,95,1999,N
YES,56160,6240,12480,37440,Audi,A5,2002,N
?,63030,5730,11460,45840,Saab,92x,1996,N
NO,63470,5770,11540,46160,BMW,X6,1999,N
NO,44440,8080,4040,32320,BMW,X6,2007,Y
NO,6600,1200,1200,4200,Jeep,Grand Cherokee,2005,N
YES,77200,9650,9650,57900,Ford,Escape,1996,N
YES,57000,0,11400,45600,Audi,A3,2013,N
NO,2700,300,300,2100,Honda,Accord,2006,N
YES,47300,4300,8600,34400,Volkswagen,Jetta,2006,N
?,55110,5010,10020,40080,Nissan,Maxima,2002,N
NO,4320,480,480,3360,Mercedes,E400,2002,N
?,68760,11460,5730,51570,Saab,95,1998,Y
?,74400,14880,7440,52080,BMW,M5,2003,Y
NO,35300,3530,3530,28240,Mercedes,E400,1996,Y
?,2640,480,480,1680,Volkswagen,Passat,2000,N
NO,60190,4630,9260,46300,Mercedes,ML350,2014,Y
NO,41580,3780,7560,30240,Chevrolet,Malibu,2015,Y
NO,58500,11700,0,46800,Accura,MDX,1995,Y
YES,79320,13220,6610,59490,Nissan,Ultima,1997,N
?,82610,7510,7510,67590,Ford,Escape,2002,Y
?,78600,13100,19650,45850,Dodge,RAM,2004,Y
?,51390,5710,5710,39970,Volkswagen,Jetta,2007,Y
NO,70200,7020,7020,56160,Ford,F150,2012,Y
NO,4900,490,1470,2940,Jeep,Wrangler,2015,N
NO,66480,5540,11080,49860,Saab,92x,2012,Y
NO,50380,4580,9160,36640,Chevrolet,Tahoe,2007,Y
?,64350,9900,9900,44550,Mercedes,E400,1998,N
YES,55400,5540,11080,38780,Chevrolet,Silverado,2004,Y
YES,49900,4990,9980,34930,Dodge,Neon,1998,N
YES,74880,12480,12480,49920,Accura,TL,2000,N
YES,105820,16280,16280,73260,Audi,A3,2002,N
YES,7150,1300,650,5200,Volkswagen,Jetta,2003,N
NO,55800,11160,11160,33480,Dodge,RAM,2004,N
YES,5830,1060,1060,3710,Dodge,RAM,2015,N
NO,85900,17180,17180,51540,Suburu,Forrestor,2005,Y
NO,7110,790,1580,4740,Accura,MDX,2005,N
YES,36960,6720,3360,26880,Chevrolet,Tahoe,2007,N
YES,64400,6440,6440,51520,Dodge,Neon,1997,N
YES,1920,480,0,1440,Chevrolet,Tahoe,2011,N
YES,86130,15660,7830,62640,Suburu,Legacy,2009,Y
?,82170,14940,7470,59760,Chevrolet,Silverado,1995,Y
YES,50300,10060,5030,35210,Suburu,Legacy,1999,Y
NO,44200,4420,8840,30940,Suburu,Forrestor,1997,N
YES,66660,6060,6060,54540,Toyota,Highlander,2006,N
NO,78320,7120,14240,56960,Saab,92x,2007,N
NO,105040,16160,16160,72720,Dodge,RAM,1999,N
?,50700,5070,5070,40560,Accura,RSX,2006,N
NO,51210,11380,5690,34140,Jeep,Wrangler,2015,N
?,51840,8640,8640,34560,Volkswagen,Jetta,2001,N
YES,52800,5280,5280,42240,Nissan,Pathfinder,2006,N
YES,55200,9200,13800,32200,Honda,Civic,1998,N
NO,9100,1400,1400,6300,Chevrolet,Malibu,2003,N
?,67600,13520,6760,47320,Suburu,Legacy,2007,N
NO,40800,6800,6800,27200,BMW,X5,2004,N
YES,84500,13000,13000,58500,Volkswagen,Passat,2011,Y
YES,71610,13020,6510,52080,Toyota,Highlander,2012,Y
NO,60600,6060,12120,42420,Dodge,RAM,2007,Y
NO,81240,6770,20310,54160,Mercedes,C300,2008,Y
NO,29300,2930,5860,20510,Audi,A3,2010,N
YES,76450,6950,13900,55600,Dodge,RAM,1995,N
?,49400,9880,4940,34580,Jeep,Wrangler,2010,N
?,90530,16460,16460,57610,Ford,F150,2003,N
NO,8030,1460,730,5840,Mercedes,E400,1995,N
YES,63900,6390,6390,51120,Accura,TL,2001,N
NO,38640,4830,4830,28980,Chevrolet,Tahoe,1997,N
YES,41490,9220,4610,27660,Mercedes,E400,2004,N
?,79090,14380,7190,57520,Nissan,Maxima,2012,N
?,87900,17580,8790,61530,Dodge,Neon,1995,N
YES,53400,5340,5340,42720,Jeep,Wrangler,1996,N
NO,52030,9460,9460,33110,Accura,MDX,1995,N
NO,82060,14920,7460,59680,Saab,93,2005,N
?,48360,8060,8060,32240,Nissan,Maxima,1997,N
?,52290,5810,11620,34860,Nissan,Maxima,1997,N
?,68200,12400,12400,43400,Jeep,Wrangler,2007,Y
NO,60750,13500,6750,40500,Jeep,Wrangler,2015,Y
YES,65560,11920,11920,41720,Volkswagen,Passat,2015,Y
NO,70290,12780,12780,44730,Mercedes,C300,2012,N
YES,45000,5000,5000,35000,Suburu,Forrestor,2003,N
?,61800,12360,6180,43260,Suburu,Impreza,2007,N
NO,64570,5870,11740,46960,Jeep,Wrangler,2001,N
YES,70500,7050,14100,49350,Suburu,Forrestor,2007,N
YES,57900,17370,5790,34740,Audi,A5,2005,N
NO,57860,5260,10520,42080,Volkswagen,Jetta,2011,N
NO,37800,8400,4200,25200,Chevrolet,Silverado,1995,N
YES,63300,6330,6330,50640,Toyota,Highlander,2000,N
YES,44200,8840,4420,30940,Saab,93,1995,N
YES,31680,3520,3520,24640,Toyota,Camry,2006,N
?,100,10,20,70,Audi,A3,2002,N
NO,56340,6260,6260,43820,Volkswagen,Passat,2003,N
YES,69740,6340,6340,57060,Dodge,Neon,2003,N
YES,60480,5040,15120,40320,Volkswagen,Jetta,2003,N
NO,80880,6740,13480,60660,Nissan,Ultima,2005,N
YES,49390,8980,4490,35920,Suburu,Legacy,2009,N
?,69360,11560,11560,46240,Dodge,RAM,2009,N
?,3740,680,680,2380,Chevrolet,Malibu,2011,N
NO,5060,460,920,3680,Nissan,Ultima,2003,N
YES,35860,3260,6520,26080,BMW,X5,2005,Y
?,50050,7700,3850,38500,Ford,Fusion,2008,Y
NO,59070,10740,5370,42960,Toyota,Camry,2012,N
?,28440,3160,3160,22120,Dodge,Neon,2007,N
YES,45540,8280,8280,28980,Honda,Civic,1998,Y
YES,38700,7740,3870,27090,Volkswagen,Passat,2012,N
YES,5830,1060,530,4240,Nissan,Pathfinder,2011,N
?,57240,4770,9540,42930,BMW,X6,1995,Y
NO,46200,4200,8400,33600,Suburu,Legacy,2015,N
NO,57700,5770,5770,46160,Toyota,Camry,2003,N
NO,56160,4680,9360,42120,Saab,95,1995,N
YES,44400,5550,5550,33300,Jeep,Grand Cherokee,1999,N
?,92730,16860,8430,67440,Mercedes,E400,2004,Y
YES,30700,3070,6140,21490,Toyota,Corolla,2015,N
?,56600,11320,5660,39620,Toyota,Camry,1999,N
?,3960,660,660,2640,Audi,A3,1998,N
?,34800,3480,6960,24360,Accura,MDX,1999,N
YES,79500,7950,7950,63600,Chevrolet,Tahoe,2000,N
NO,56000,5600,5600,44800,Chevrolet,Malibu,2009,N
YES,73260,16280,0,56980,Volkswagen,Jetta,2014,Y
YES,4950,900,450,3600,Toyota,Camry,1995,N
NO,48000,4800,9600,33600,Saab,95,2013,N
YES,52200,10440,5220,36540,Nissan,Pathfinder,2005,N
?,73800,12300,12300,49200,Audi,A3,1995,N
NO,78200,15640,7820,54740,Audi,A3,2009,N
NO,55200,13800,9200,32200,Saab,93,2015,Y
YES,57060,6340,6340,44380,Ford,Fusion,2012,N
YES,4680,520,520,3640,Chevrolet,Malibu,2013,N
YES,53100,5310,5310,42480,Accura,MDX,2005,Y
NO,3520,640,320,2560,Accura,MDX,2013,N
YES,72900,14580,14580,43740,Nissan,Maxima,2010,N
NO,70700,7070,14140,49490,Volkswagen,Passat,2008,N
?,60170,5470,10940,43760,Nissan,Pathfinder,2006,N
?,74800,13600,6800,54400,Ford,Fusion,2009,Y
?,4100,820,410,2870,Chevrolet,Malibu,2009,N
?,61490,5590,11180,44720,Dodge,RAM,2009,N
?,7200,720,1440,5040,Audi,A5,1999,N
?,45100,8200,4100,32800,Nissan,Pathfinder,2011,N
YES,66660,12120,6060,48480,Honda,Civic,2006,N
YES,76400,15280,7640,53480,Volkswagen,Jetta,1997,Y
NO,58300,10600,10600,37100,Ford,F150,2001,N
?,57310,5210,10420,41680,Volkswagen,Passat,2002,N
?,53100,5900,5900,41300,Suburu,Impreza,2006,N
?,74700,14940,7470,52290,Suburu,Forrestor,1997,N
NO,60500,12100,6050,42350,Audi,A5,1995,N
NO,84920,7720,15440,61760,Jeep,Wrangler,2006,Y
NO,61050,5550,11100,44400,Dodge,Neon,2009,N
?,69080,12560,6280,50240,Audi,A5,2009,Y
YES,4560,760,380,3420,Nissan,Pathfinder,2007,N
?,67800,11300,11300,45200,Ford,F150,2011,N
YES,5600,1120,560,3920,Suburu,Legacy,2005,N
?,9000,900,1800,6300,Mercedes,ML350,2015,N
YES,85320,21330,7110,56880,Nissan,Pathfinder,2006,N
YES,5940,540,1080,4320,Audi,A5,2001,Y
?,51370,9340,4670,37360,BMW,M5,2000,Y
YES,51600,10320,5160,36120,Dodge,Neon,2011,N
?,5400,600,600,4200,Chevrolet,Malibu,1998,N
YES,48870,5430,5430,38010,Saab,95,1999,N
?,5590,860,860,3870,BMW,X5,2000,N
?,54960,6870,0,48090,Toyota,Corolla,2002,Y
?,39800,7960,3980,27860,Jeep,Wrangler,2014,N
?,56160,6240,6240,43680,Ford,Fusion,2015,Y
?,52700,5270,10540,36890,Toyota,Corolla,2005,N
?,68580,7620,7620,53340,Jeep,Wrangler,2010,N
YES,90860,12980,19470,58410,Volkswagen,Jetta,2004,Y
NO,5700,570,570,4560,Saab,93,2001,N
YES,94930,8630,8630,77670,Accura,RSX,2014,N
NO,46800,4680,9360,32760,Audi,A5,2007,Y
NO,56320,7040,7040,42240,Mercedes,ML350,2000,N
YES,83490,7590,15180,60720,Nissan,Pathfinder,1996,N
?,57900,5790,5790,46320,Saab,95,2008,N
YES,49410,5490,5490,38430,Audi,A3,2015,N
NO,66200,6620,6620,52960,Suburu,Impreza,2012,N
NO,64080,10680,10680,42720,Toyota,Camry,2005,N
YES,42500,8500,4250,29750,Nissan,Pathfinder,2000,N
?,48950,8900,4450,35600,Suburu,Legacy,2005,N
YES,58850,10700,10700,37450,Accura,MDX,1999,N
YES,82400,8240,8240,65920,Nissan,Pathfinder,2006,N
?,54240,6780,6780,40680,Suburu,Impreza,2009,N
?,74200,7420,7420,59360,Jeep,Wrangler,1996,N
?,47430,5270,5270,36890,Toyota,Camry,2000,N
YES,68200,13640,6820,47740,Dodge,RAM,2003,Y
NO,63900,7100,7100,49700,Accura,TL,2014,N
YES,59300,11860,5930,41510,Dodge,RAM,2008,N
YES,66900,6690,13380,46830,Suburu,Forrestor,1999,Y
?,40810,3710,7420,29680,Ford,F150,2000,Y
?,75400,15080,7540,52780,Honda,CRV,2011,N
YES,4200,420,840,2940,Jeep,Wrangler,2013,N
YES,52650,5850,5850,40950,Ford,F150,2001,Y
YES,42240,7680,7680,26880,Chevrolet,Malibu,2007,N
YES,59490,6610,6610,46270,Mercedes,ML350,1995,N
NO,44200,4420,4420,35360,Jeep,Wrangler,2002,Y
?,7700,770,1540,5390,Saab,93,2000,N
?,61440,10240,10240,40960,Saab,93,2008,N
NO,54400,5440,10880,38080,Chevrolet,Silverado,2015,Y
?,58560,9760,9760,39040,Mercedes,E400,2002,N
NO,67300,6730,6730,53840,Dodge,RAM,2000,Y
YES,36740,3340,6680,26720,BMW,X5,1998,Y
NO,85690,15580,15580,54530,BMW,3 Series,2011,N
NO,34160,0,4270,29890,Audi,A5,2005,Y
?,61320,10220,10220,40880,BMW,M5,1998,N
?,79680,13280,13280,53120,BMW,3 Series,2004,N
YES,61740,6860,6860,48020,Audi,A3,2002,N
NO,6400,640,640,5120,Honda,Civic,2002,N
YES,60600,12120,6060,42420,Accura,TL,2011,N
NO,56320,10240,5120,40960,Volkswagen,Jetta,2007,N
NO,52250,9500,4750,38000,Suburu,Legacy,2012,N
?,53900,5390,10780,37730,Saab,95,2006,N
NO,2640,220,440,1980,Jeep,Wrangler,2001,N
?,8970,1380,1380,6210,Dodge,Neon,2011,N
?,6000,1000,1000,4000,Suburu,Impreza,2000,N
?,55200,11040,5520,38640,Saab,92x,1998,Y
YES,7260,660,1320,5280,Saab,92x,2008,N
?,64680,11760,11760,41160,Jeep,Wrangler,2010,N
NO,59200,0,11840,47360,Chevrolet,Malibu,1998,N
?,4700,470,940,3290,Saab,92x,1998,N
NO,69400,6940,6940,55520,Mercedes,C300,2000,N
NO,40500,4050,4050,32400,Nissan,Pathfinder,1998,N
NO,60000,5000,10000,45000,Honda,Accord,1997,N
NO,67320,11220,11220,44880,Volkswagen,Jetta,1996,N
YES,75690,8410,8410,58870,Saab,95,2014,N
?,64300,6430,6430,51440,Chevrolet,Silverado,2002,Y
YES,64400,6440,6440,51520,BMW,X5,2011,N
?,97080,16180,16180,64720,Saab,92x,2005,N
?,5500,500,500,4500,Honda,Civic,2010,N
NO,30700,3070,6140,21490,Jeep,Wrangler,2010,N
YES,33480,3720,3720,26040,Nissan,Pathfinder,2012,N
YES,65430,14540,7270,43620,Jeep,Wrangler,2001,N
YES,42680,3880,7760,31040,Accura,RSX,2006,Y
NO,87780,7980,7980,71820,Honda,CRV,2011,N
YES,72800,14560,14560,43680,Honda,Accord,1998,N
?,71190,0,7910,63280,Mercedes,C300,1997,Y
YES,3600,400,400,2800,Honda,Civic,1999,N
NO,62640,10440,10440,41760,Mercedes,C300,2009,N
?,69630,12660,6330,50640,Toyota,Corolla,1998,N
?,76010,13820,6910,55280,Dodge,RAM,1995,Y
YES,44220,8040,4020,32160,Accura,MDX,2000,N
NO,57200,5200,10400,41600,BMW,M5,2011,N
NO,3080,560,560,1960,Nissan,Ultima,1998,N
YES,75790,13780,6890,55120,Accura,RSX,2007,N
NO,32670,5940,2970,23760,Honda,Accord,2003,N
NO,3870,430,860,2580,Jeep,Wrangler,2010,N
YES,91520,8320,16640,66560,BMW,X6,2005,Y
YES,74690,6790,13580,54320,Dodge,RAM,2008,Y
?,4620,420,840,3360,Audi,A5,1998,N
NO,55000,10000,10000,35000,Toyota,Camry,2008,Y
NO,59400,13200,6600,39600,Saab,93,1996,Y
?,55260,6140,0,49120,Nissan,Ultima,2000,N
YES,51400,5140,10280,35980,Honda,Civic,1996,N
?,48780,5420,10840,32520,Dodge,Neon,2008,N
?,52380,5820,5820,40740,Toyota,Highlander,2010,N
YES,74360,13520,13520,47320,Toyota,Highlander,2005,Y
?,53400,5340,5340,42720,Honda,CRV,2003,N
YES,71800,14360,14360,43080,Jeep,Grand Cherokee,1995,N
?,68240,8530,0,59710,Toyota,Corolla,2013,Y
?,61050,11100,11100,38850,Dodge,RAM,2011,Y
YES,5590,860,860,3870,Suburu,Impreza,2002,N
?,46860,8520,8520,29820,Volkswagen,Passat,1998,N
NO,4290,780,780,2730,Volkswagen,Passat,1998,N
NO,78500,15700,7850,54950,Audi,A3,2015,N
YES,70830,7870,7870,55090,Jeep,Grand Cherokee,2005,N
NO,68040,15120,7560,45360,Suburu,Forrestor,1997,N
?,63600,5300,10600,47700,Audi,A5,1997,Y
?,43560,4840,4840,33880,Suburu,Legacy,2015,N
NO,60840,13520,6760,40560,Suburu,Forrestor,2011,N
YES,68160,11360,11360,45440,Ford,Escape,2010,N
NO,5170,940,470,3760,Toyota,Camry,2001,N
?,57700,5770,5770,46160,Nissan,Maxima,2000,N
NO,89520,14920,14920,59680,Audi,A3,2014,N
YES,4620,420,840,3360,Volkswagen,Jetta,2012,N
?,45180,5020,5020,35140,Honda,CRV,2004,N
NO,45100,9020,4510,31570,Nissan,Maxima,2013,N
YES,83160,15120,15120,52920,Toyota,Camry,2003,N
NO,86130,15660,15660,54810,Chevrolet,Silverado,1995,N
NO,48000,9600,4800,33600,Dodge,RAM,1995,N
YES,3300,600,600,2100,Saab,92x,2008,N
YES,57200,11440,5720,40040,Toyota,Camry,2005,N
?,7590,1380,690,5520,Accura,MDX,2012,N
?,80080,12320,12320,55440,Chevrolet,Silverado,2013,N
YES,4800,960,480,3360,BMW,3 Series,2006,N
YES,3900,390,780,2730,Volkswagen,Jetta,2008,Y
NO,90400,9040,9040,72320,BMW,3 Series,1995,N
?,62900,6290,12580,44030,Jeep,Grand Cherokee,1998,N
NO,54200,5420,10840,37940,Nissan,Ultima,2014,Y
YES,51800,5180,10360,36260,Accura,MDX,2003,N
?,6600,600,1200,4800,Accura,MDX,2012,N
YES,74140,13480,6740,53920,Ford,Escape,2007,N
?,67800,13560,6780,47460,Mercedes,C300,1995,N
YES,55400,5540,11080,38780,Jeep,Grand Cherokee,2002,Y
?,49100,9820,4910,34370,Suburu,Impreza,1996,Y
?,98280,15120,7560,75600,Chevrolet,Tahoe,2007,Y
?,66550,6050,12100,48400,Ford,Escape,2008,N
?,70400,14080,7040,49280,Accura,RSX,2002,N
NO,53280,4440,8880,39960,Suburu,Impreza,2015,Y
YES,84590,15380,15380,53830,Dodge,Neon,1999,N
YES,54560,9920,9920,34720,Saab,95,2004,N
YES,82170,7470,7470,67230,Suburu,Forrestor,1999,N
NO,61100,6110,12220,42770,Dodge,Neon,2008,N
YES,51900,5190,10380,36330,BMW,M5,2011,Y
?,3440,430,430,2580,Suburu,Legacy,2002,N
NO,51390,5710,11420,34260,Toyota,Corolla,2013,N
?,76900,7690,7690,61520,Jeep,Wrangler,1995,N
?,77000,15400,7700,53900,Toyota,Highlander,2015,Y
?,60320,9280,9280,41760,Chevrolet,Tahoe,2012,Y
NO,60700,12140,6070,42490,Honda,Civic,1997,N
?,53280,5920,0,47360,Chevrolet,Malibu,2015,N
YES,34290,3810,3810,26670,Jeep,Grand Cherokee,2013,N
NO,46980,0,5220,41760,Accura,TL,2002,N
YES,36700,3670,7340,25690,Nissan,Pathfinder,2010,N
?,60200,6020,6020,48160,Volkswagen,Passat,2012,N
YES,6480,540,1080,4860,Honda,Civic,1996,N
?,87200,17440,8720,61040,Honda,Accord,2006,N
?,108480,18080,18080,72320,Volkswagen,Passat,2015,N
YES,67500,7500,7500,52500,Suburu,Impreza,1996,N
YES,46980,5220,5220,36540,Audi,A5,1998,N
?,5060,460,920,3680,Mercedes,E400,2007,N
